{"version": "1", "message": "ERROR: Hidden Testcases server unreachable.", "problem_id": "ads2_m4_a1_1", "user_id": "anuhya45", "score": {"sample": {"0": {"execution_time": 0.31250643730163574, "passed": true}, "1": {"execution_time": 0.35888242721557617, "passed": false}, "2": {"execution_time": 0.3920910358428955, "passed": false}, "3": {"execution_time": 0.43276023864746094, "passed": false}, "4": {"execution_time": 0.3410506248474121, "passed": true}, "5": {"execution_time": 0.36919355392456055, "passed": false}, "6": {"execution_time": 0.3389458656311035, "passed": false}, "7": {"execution_time": 0.34825921058654785, "passed": false}, "8": {"execution_time": 0.3559441566467285, "passed": true}, "9": {"execution_time": 0.2802579402923584, "passed": true}, "10": {"execution_time": 0.30739784240722656, "passed": true}, "11": {"execution_time": 0.27677249908447266, "passed": true}, "12": {"execution_time": 0.2887437343597412, "passed": true}, "13": {"execution_time": 1.6047472953796387, "passed": false}, "14": {"execution_time": 0.28214597702026367, "passed": true}}}, "check_style_score": "0/1"}