{"version": "1", "message": "ERROR: Hidden Testcases server unreachable.", "problem_id": "ads2_m4_a1_1", "user_id": "anuhya45", "score": {"sample": {"0": {"execution_time": 0.40743112564086914, "passed": true}, "1": {"execution_time": 0.3782539367675781, "passed": false}, "2": {"execution_time": 0.4190378189086914, "passed": false}, "3": {"execution_time": 0.4250640869140625, "passed": false}, "4": {"execution_time": 0.3607957363128662, "passed": true}, "5": {"execution_time": 0.34924745559692383, "passed": false}, "6": {"execution_time": 0.38375091552734375, "passed": false}, "7": {"execution_time": 0.3316969871520996, "passed": false}, "8": {"execution_time": 0.34200119972229004, "passed": true}, "9": {"execution_time": 0.32377052307128906, "passed": true}, "10": {"execution_time": 0.32103466987609863, "passed": true}, "11": {"execution_time": 0.27732276916503906, "passed": true}, "12": {"execution_time": 0.2725660800933838, "passed": true}, "13": {"execution_time": 1.5976529121398926, "passed": false}, "14": {"execution_time": 0.2472701072692871, "passed": true}}}, "check_style_score": "0/1"}