{"version": "1", "message": "ERROR: Hidden Testcases server unreachable.", "problem_id": "ads2_m4_a1_1", "user_id": "anuhya45", "score": {"sample": {"0": {"execution_time": 0.3465557098388672, "passed": true}, "1": {"execution_time": 0.39862823486328125, "passed": false}, "2": {"execution_time": 0.4440574645996094, "passed": false}, "3": {"execution_time": 0.41824889183044434, "passed": false}, "4": {"execution_time": 0.3556039333343506, "passed": true}, "5": {"execution_time": 0.35456013679504395, "passed": false}, "6": {"execution_time": 0.3572423458099365, "passed": false}, "7": {"execution_time": 0.3699624538421631, "passed": false}, "8": {"execution_time": 0.3260641098022461, "passed": true}, "9": {"execution_time": 0.3131997585296631, "passed": true}, "10": {"execution_time": 0.2802157402038574, "passed": true}, "11": {"execution_time": 0.3396151065826416, "passed": true}, "12": {"execution_time": 0.33727312088012695, "passed": true}, "13": {"execution_time": 1.6582984924316406, "passed": false}, "14": {"execution_time": 0.2974557876586914, "passed": true}}}, "check_style_score": "0/1"}