{"version": "1", "message": "ERROR: Hidden Testcases server unreachable.", "problem_id": "ads2_m4_a1_1", "user_id": "anuhya45", "score": {"sample": {"0": {"execution_time": 0.337860107421875, "passed": true}, "1": {"execution_time": 0.3583641052246094, "passed": false}, "2": {"execution_time": 0.39304375648498535, "passed": false}, "3": {"execution_time": 0.4873499870300293, "passed": false}, "4": {"execution_time": 0.3606424331665039, "passed": true}, "5": {"execution_time": 0.38881516456604004, "passed": false}, "6": {"execution_time": 1.131150245666504, "passed": false}, "7": {"execution_time": 0.36891913414001465, "passed": false}, "8": {"execution_time": 0.33493614196777344, "passed": true}, "9": {"execution_time": 0.31926965713500977, "passed": true}, "10": {"execution_time": 0.301724910736084, "passed": true}, "11": {"execution_time": 0.3126215934753418, "passed": true}, "12": {"execution_time": 0.3196227550506592, "passed": true}, "13": {"execution_time": 1.6095819473266602, "passed": false}, "14": {"execution_time": 0.28560495376586914, "passed": true}}}, "check_style_score": "0/1"}