{"version": "1", "message": "ERROR: Hidden Testcases server unreachable.", "problem_id": "ads2_m4_a1_1", "user_id": "anuhya45", "score": {"sample": {"0": {"execution_time": 0.36212730407714844, "passed": true}, "1": {"execution_time": 0.6266696453094482, "passed": false}, "2": {"execution_time": 0.4028799533843994, "passed": false}, "3": {"execution_time": 0.4198474884033203, "passed": false}, "4": {"execution_time": 0.3454780578613281, "passed": true}, "5": {"execution_time": 0.3770465850830078, "passed": false}, "6": {"execution_time": 0.35698390007019043, "passed": false}, "7": {"execution_time": 0.3408348560333252, "passed": false}, "8": {"execution_time": 0.3224337100982666, "passed": true}, "9": {"execution_time": 0.3066997528076172, "passed": true}, "10": {"execution_time": 0.2959308624267578, "passed": true}, "11": {"execution_time": 0.2877326011657715, "passed": true}, "12": {"execution_time": 0.293407678604126, "passed": true}, "13": {"execution_time": 1.7014679908752441, "passed": false}, "14": {"execution_time": 0.31235527992248535, "passed": true}}}, "check_style_score": "0/1"}