{"version": "1", "message": "ERROR: Hidden Testcases server unreachable.", "problem_id": "ads2_m6_a1_1", "user_id": "anuhya45", "score": {"sample": {"0": {"execution_time": 0.3972606658935547, "passed": false}, "1": {"execution_time": 0.21542835235595703, "passed": false}, "2": {"execution_time": 0.22132658958435059, "passed": false}, "3": {"execution_time": 0.2173142433166504, "passed": false}, "4": {"execution_time": 0.22632145881652832, "passed": false}, "5": {"execution_time": 0.21866798400878906, "passed": false}, "6": {"execution_time": 0.22320342063903809, "passed": false}, "7": {"execution_time": 0.21579933166503906, "passed": false}, "8": {"execution_time": 0.21725678443908691, "passed": false}, "9": {"execution_time": 0.21662378311157227, "passed": false}, "10": {"execution_time": 0.21888518333435059, "passed": false}, "11": {"execution_time": 0.2026989459991455, "passed": false}}}, "check_style_score": "0/1"}