{"version": "1", "message": "ERROR: Hidden Testcases server unreachable.", "problem_id": "ads2_m2_a1_1", "user_id": "anuhya45", "score": {"sample": {"0": {"execution_time": 0.635636568069458, "passed": false}, "1": {"execution_time": 0.5217008590698242, "passed": false}, "2": {"execution_time": 0.4407477378845215, "passed": true}, "3": {"execution_time": 0.45973753929138184, "passed": false}, "4": {"execution_time": 0.5017073154449463, "passed": false}, "5": {"execution_time": 0.474729061126709, "passed": false}, "6": {"execution_time": 0.47173404693603516, "passed": false}, "7": {"execution_time": 0.5067131519317627, "passed": false}, "8": {"execution_time": 0.4427356719970703, "passed": false}, "9": {"execution_time": 0.4467437267303467, "passed": false}, "10": {"execution_time": 1.2786109447479248, "passed": false}, "11": {"execution_time": 0.4777262210845947, "passed": false}, "12": {"execution_time": 0.4927327632904053, "passed": false}, "13": {"execution_time": 0.4507443904876709, "passed": false}, "14": {"execution_time": 0.4877190589904785, "passed": false}, "15": {"execution_time": 0.493746280670166, "passed": false}, "16": {"execution_time": 0.5167045593261719, "passed": false}, "17": {"execution_time": 0.5676748752593994, "passed": false}, "18": {"execution_time": 0.5316970348358154, "passed": false}, "19": {"execution_time": 0.6296384334564209, "passed": false}, "20": {"execution_time": 0.6736142635345459, "passed": false}, "21": {"execution_time": 0.4447441101074219, "passed": false}, "22": {"execution_time": 1.1043674945831299, "passed": false}, "23": {"execution_time": 0.8785009384155273, "passed": false}}}, "check_style_score": "0/1"}