{"version": "1", "message": "ERROR: Hidden Testcases server unreachable.", "problem_id": "ads2_m2_a1_1", "user_id": "anuhya45", "score": {"sample": {"0": {"execution_time": 0.6226489543914795, "passed": false}, "1": {"execution_time": 0.556685209274292, "passed": false}, "2": {"execution_time": 0.45873498916625977, "passed": false}, "3": {"execution_time": 0.4677314758300781, "passed": true}, "4": {"execution_time": 0.470731258392334, "passed": false}, "5": {"execution_time": 0.4527444839477539, "passed": false}, "6": {"execution_time": 0.43675875663757324, "passed": false}, "7": {"execution_time": 0.4547398090362549, "passed": false}, "8": {"execution_time": 0.5097072124481201, "passed": false}, "9": {"execution_time": 0.4757261276245117, "passed": false}, "10": {"execution_time": 0.4737365245819092, "passed": false}, "11": {"execution_time": 0.4577372074127197, "passed": false}, "12": {"execution_time": 0.495715856552124, "passed": false}, "13": {"execution_time": 0.5067062377929688, "passed": false}, "14": {"execution_time": 0.4697427749633789, "passed": false}, "15": {"execution_time": 0.5097043514251709, "passed": false}, "16": {"execution_time": 0.5117096900939941, "passed": false}, "17": {"execution_time": 0.5596828460693359, "passed": false}, "18": {"execution_time": 0.5916628837585449, "passed": false}, "19": {"execution_time": 0.641627311706543, "passed": false}, "20": {"execution_time": 0.651634693145752, "passed": false}, "21": {"execution_time": 0.5066993236541748, "passed": false}, "22": {"execution_time": 0.9464585781097412, "passed": false}, "23": {"execution_time": 0.8994889259338379, "passed": false}}}, "check_style_score": "0/1"}