{"version": "1", "message": "ERROR: Hidden Testcases server unreachable.", "problem_id": "ads2_m2_a1_1", "user_id": "anuhya45", "score": {"sample": {"0": {"execution_time": 0.6506283283233643, "passed": false}, "1": {"execution_time": 0.549685001373291, "passed": false}, "2": {"execution_time": 0.5546743869781494, "passed": true}, "3": {"execution_time": 0.48772192001342773, "passed": false}, "4": {"execution_time": 0.4707298278808594, "passed": false}, "5": {"execution_time": 0.4227588176727295, "passed": false}, "6": {"execution_time": 0.5099294185638428, "passed": false}, "7": {"execution_time": 0.4657316207885742, "passed": false}, "8": {"execution_time": 0.5097079277038574, "passed": false}, "9": {"execution_time": 0.48973894119262695, "passed": false}, "10": {"execution_time": 0.4717221260070801, "passed": false}, "11": {"execution_time": 0.5467464923858643, "passed": false}, "12": {"execution_time": 0.4847221374511719, "passed": false}, "13": {"execution_time": 1.281224250793457, "passed": false}, "14": {"execution_time": 0.4727303981781006, "passed": false}, "15": {"execution_time": 0.5137054920196533, "passed": false}, "16": {"execution_time": 0.5236999988555908, "passed": false}, "17": {"execution_time": 0.5996520519256592, "passed": false}, "18": {"execution_time": 0.6166555881500244, "passed": false}, "19": {"execution_time": 0.6486303806304932, "passed": false}, "20": {"execution_time": 0.7675633430480957, "passed": false}, "21": {"execution_time": 0.4567830562591553, "passed": false}, "22": {"execution_time": 0.8485145568847656, "passed": false}, "23": {"execution_time": 0.857513427734375, "passed": false}}}, "check_style_score": "0/1"}