{"version": "1", "message": "ERROR: Hidden Testcases server unreachable.", "problem_id": "ads2_m2_a1_1", "user_id": "anuhya45", "score": {"sample": {"0": {"execution_time": 0.6196455955505371, "passed": false}, "1": {"execution_time": 0.571681022644043, "passed": false}, "2": {"execution_time": 0.5992567539215088, "passed": false}, "3": {"execution_time": 0.47373104095458984, "passed": false}, "4": {"execution_time": 0.6276414394378662, "passed": false}, "5": {"execution_time": 0.4717292785644531, "passed": false}, "6": {"execution_time": 0.5087058544158936, "passed": false}, "7": {"execution_time": 0.47572994232177734, "passed": false}, "8": {"execution_time": 0.552680492401123, "passed": false}, "9": {"execution_time": 0.4307558536529541, "passed": false}, "10": {"execution_time": 0.4927198886871338, "passed": false}, "11": {"execution_time": 0.5087029933929443, "passed": false}, "12": {"execution_time": 0.5326941013336182, "passed": false}, "13": {"execution_time": 0.5763630867004395, "passed": false}, "14": {"execution_time": 0.4867215156555176, "passed": false}, "15": {"execution_time": 0.5586824417114258, "passed": false}, "16": {"execution_time": 0.5886759757995605, "passed": false}, "17": {"execution_time": 0.9874348640441895, "passed": false}, "18": {"execution_time": 0.626641035079956, "passed": false}, "19": {"execution_time": 0.6176536083221436, "passed": false}, "20": {"execution_time": 0.5986568927764893, "passed": false}, "21": {"execution_time": 0.23186779022216797, "passed": false}, "22": {"execution_time": 0.4432194232940674, "passed": false}, "23": {"execution_time": 0.40779709815979004, "passed": false}}}, "check_style_score": "0/1"}