{"version": "1", "message": "ERROR: Hidden Testcases server unreachable.", "problem_id": "ads2_m2_a1_1", "user_id": "anuhya45", "score": {"sample": {"0": {"execution_time": 1.7036938667297363, "passed": false}, "1": {"execution_time": 0.5027046203613281, "passed": false}, "2": {"execution_time": 0.5017135143280029, "passed": true}, "3": {"execution_time": 0.4677274227142334, "passed": false}, "4": {"execution_time": 0.5117061138153076, "passed": false}, "5": {"execution_time": 0.4437406063079834, "passed": false}, "6": {"execution_time": 0.5536863803863525, "passed": false}, "7": {"execution_time": 0.44474244117736816, "passed": false}, "8": {"execution_time": 0.44173312187194824, "passed": false}, "9": {"execution_time": 0.5177009105682373, "passed": false}, "10": {"execution_time": 0.5117266178131104, "passed": false}, "11": {"execution_time": 0.459733247756958, "passed": false}, "12": {"execution_time": 0.4957156181335449, "passed": false}, "13": {"execution_time": 0.5067093372344971, "passed": false}, "14": {"execution_time": 0.48572587966918945, "passed": false}, "15": {"execution_time": 0.5127077102661133, "passed": false}, "16": {"execution_time": 0.5586795806884766, "passed": false}, "17": {"execution_time": 0.6226480007171631, "passed": false}, "18": {"execution_time": 0.5696742534637451, "passed": false}, "19": {"execution_time": 1.4269812107086182, "passed": false}, "20": {"execution_time": 0.6496274471282959, "passed": false}, "21": {"execution_time": 0.4437446594238281, "passed": false}, "22": {"execution_time": 1.0613925457000732, "passed": false}, "23": {"execution_time": 1.0834331512451172, "passed": false}}}, "check_style_score": "0/1"}