{"version": "1", "message": "ERROR: Hidden Testcases server unreachable.", "problem_id": "ads2_m2_a1_1", "user_id": "anuhya45", "score": {"sample": {"0": {"execution_time": 0.6546266078948975, "passed": false}, "1": {"execution_time": 0.5396959781646729, "passed": false}, "2": {"execution_time": 0.42775464057922363, "passed": false}, "3": {"execution_time": 0.4837503433227539, "passed": true}, "4": {"execution_time": 0.44774675369262695, "passed": false}, "5": {"execution_time": 0.4307548999786377, "passed": false}, "6": {"execution_time": 0.47772669792175293, "passed": false}, "7": {"execution_time": 0.46773219108581543, "passed": false}, "8": {"execution_time": 0.43774867057800293, "passed": false}, "9": {"execution_time": 0.4867222309112549, "passed": false}, "10": {"execution_time": 0.4387540817260742, "passed": false}, "11": {"execution_time": 0.44974184036254883, "passed": false}, "12": {"execution_time": 0.5017111301422119, "passed": false}, "13": {"execution_time": 0.5257046222686768, "passed": false}, "14": {"execution_time": 0.9990677833557129, "passed": false}, "15": {"execution_time": 0.5167036056518555, "passed": false}, "16": {"execution_time": 0.5047121047973633, "passed": false}, "17": {"execution_time": 0.5736732482910156, "passed": false}, "18": {"execution_time": 0.6096968650817871, "passed": false}, "19": {"execution_time": 0.5756709575653076, "passed": false}, "20": {"execution_time": 0.7045979499816895, "passed": false}, "21": {"execution_time": 0.49071812629699707, "passed": false}, "22": {"execution_time": 1.0853796005249023, "passed": false}, "23": {"execution_time": 0.9996733665466309, "passed": false}}}, "check_style_score": "0/1"}