{"version": "1", "message": "ERROR: Hidden Testcases server unreachable.", "problem_id": "ads2_m16_a1_1", "user_id": "anuhya45", "score": {"sample": {"0": {"execution_time": 0.5340080261230469, "passed": false}, "1": {"execution_time": 0.40198469161987305, "passed": false}, "2": {"execution_time": 0.9252815246582031, "passed": false}, "3": {"execution_time": 0.7635807991027832, "passed": false}, "4": {"execution_time": 0.712177038192749, "passed": false}, "5": {"execution_time": 0.732140302658081, "passed": false}, "6": {"execution_time": 0.567039966583252, "passed": false}, "7": {"execution_time": 0.688957691192627, "passed": false}, "8": {"execution_time": 0.3641374111175537, "passed": false}, "9": {"execution_time": 0.529644250869751, "passed": false}, "10": {"execution_time": 0.5376918315887451, "passed": false}, "11": {"execution_time": 0.27064943313598633, "passed": false}, "12": {"execution_time": 0.5577065944671631, "passed": false}, "13": {"execution_time": 0.28785085678100586, "passed": true}, "14": {"execution_time": 0.687896728515625, "passed": false}, "15": {"execution_time": 0.5418956279754639, "passed": false}, "16": {"execution_time": 0.32814645767211914, "passed": false}, "17": {"execution_time": 0.3793346881866455, "passed": false}, "18": {"execution_time": 0.35025978088378906, "passed": false}, "19": {"execution_time": 0.3689248561859131, "passed": false}, "20": {"execution_time": 0.5668213367462158, "passed": false}, "21": {"execution_time": 0.35927605628967285, "passed": false}, "22": {"execution_time": 0.3474867343902588, "passed": false}, "23": {"execution_time": 0.34226417541503906, "passed": false}, "24": {"execution_time": 0.26102304458618164, "passed": true}, "25": {"execution_time": 0.5281639099121094, "passed": false}, "26": {"execution_time": 0.4808661937713623, "passed": false}, "27": {"execution_time": 0.5688087940216064, "passed": false}, "28": {"execution_time": 0.7463076114654541, "passed": false}, "29": {"execution_time": 0.44416165351867676, "passed": false}}}, "check_style_score": "0/1"}