{"version": "1", "message": "ERROR: Hidden Testcases server unreachable.", "problem_id": "ads2_m16_a1_1", "user_id": "anuhya45", "score": {"sample": {"0": {"execution_time": 0.43219804763793945, "passed": false}, "1": {"execution_time": 0.32358717918395996, "passed": false}, "2": {"execution_time": 0.6751236915588379, "passed": false}, "3": {"execution_time": 0.5596246719360352, "passed": false}, "4": {"execution_time": 0.5461101531982422, "passed": false}, "5": {"execution_time": 0.5560088157653809, "passed": false}, "6": {"execution_time": 0.5840249061584473, "passed": false}, "7": {"execution_time": 0.592400074005127, "passed": false}, "8": {"execution_time": 0.34178996086120605, "passed": false}, "9": {"execution_time": 0.5724380016326904, "passed": false}, "10": {"execution_time": 0.5499081611633301, "passed": false}, "11": {"execution_time": 0.2508993148803711, "passed": false}, "12": {"execution_time": 1.8258445262908936, "passed": false}, "13": {"execution_time": 1.0120205879211426, "passed": true}, "14": {"execution_time": 1.582062005996704, "passed": false}, "15": {"execution_time": 1.213585615158081, "passed": false}, "16": {"execution_time": 0.7716782093048096, "passed": false}, "17": {"execution_time": 0.6699790954589844, "passed": false}, "18": {"execution_time": 0.6087367534637451, "passed": false}, "19": {"execution_time": 0.6091272830963135, "passed": false}, "20": {"execution_time": 0.5140514373779297, "passed": false}, "21": {"execution_time": 0.5207750797271729, "passed": false}, "22": {"execution_time": 0.46890759468078613, "passed": false}, "23": {"execution_time": 0.45419883728027344, "passed": false}, "24": {"execution_time": 0.3576340675354004, "passed": true}, "25": {"execution_time": 0.7014989852905273, "passed": false}, "26": {"execution_time": 0.5524065494537354, "passed": false}, "27": {"execution_time": 0.5133559703826904, "passed": false}, "28": {"execution_time": 0.6586246490478516, "passed": false}, "29": {"execution_time": 0.29660630226135254, "passed": false}}}, "check_style_score": "0/1"}