{"version": "1", "message": "ERROR: Hidden Testcases server unreachable.", "problem_id": "ads2_m16_a1_1", "user_id": "Sweety310897", "score": {"sample": {"0": {"execution_time": 0.29064178466796875, "passed": true}, "1": {"execution_time": 0.31824588775634766, "passed": true}, "2": {"execution_time": 0.6264781951904297, "passed": true}, "3": {"execution_time": 0.7202832698822021, "passed": true}, "4": {"execution_time": 0.6681122779846191, "passed": true}, "5": {"execution_time": 0.692795991897583, "passed": true}, "6": {"execution_time": 0.6966478824615479, "passed": true}, "7": {"execution_time": 0.7784121036529541, "passed": true}, "8": {"execution_time": 0.42266297340393066, "passed": true}, "9": {"execution_time": 0.7721028327941895, "passed": true}, "10": {"execution_time": 0.6960251331329346, "passed": true}, "11": {"execution_time": 6.095343351364136, "passed": true}, "12": {"execution_time": 1.0971930027008057, "passed": true}, "13": {"execution_time": 0.6266286373138428, "passed": true}, "14": {"execution_time": 1.4237585067749023, "passed": true}, "15": {"execution_time": 1.0106213092803955, "passed": true}, "16": {"execution_time": 0.6203505992889404, "passed": true}, "17": {"execution_time": 0.5496788024902344, "passed": true}, "18": {"execution_time": 0.4371623992919922, "passed": true}, "19": {"execution_time": 0.3708786964416504, "passed": true}, "20": {"execution_time": 0.4647965431213379, "passed": true}, "21": {"execution_time": 0.44811391830444336, "passed": true}, "22": {"execution_time": 0.35387134552001953, "passed": true}, "23": {"execution_time": 0.3761911392211914, "passed": true}, "24": {"execution_time": 0.32639312744140625, "passed": true}, "25": {"execution_time": 1.0587573051452637, "passed": true}, "26": {"execution_time": 0.7490341663360596, "passed": true}, "27": {"execution_time": 0.9842214584350586, "passed": true}, "28": {"execution_time": 1.7443742752075195, "passed": true}, "29": {"execution_time": 0.26932215690612793, "passed": true}}}, "check_style_score": "1/1"}